{
  "http://159.89.38.11/login-9" : {
    "transaction" : "http://159.89.38.11/login-9",
    "sampleCount" : 19,
    "errorCount" : 2,
    "errorPct" : 10.526316,
    "meanResTime" : 25705.578947368424,
    "medianResTime" : 26131.0,
    "minResTime" : 10572.0,
    "maxResTime" : 37128.0,
    "pct1ResTime" : 35047.0,
    "pct2ResTime" : 37128.0,
    "pct3ResTime" : 37128.0,
    "throughput" : 0.5105605417316064,
    "receivedKBytesPerSec" : 25.248132003412696,
    "sentKBytesPerSec" : 0.8484762538963831
  },
  "http://159.89.38.11/login" : {
    "transaction" : "http://159.89.38.11/login",
    "sampleCount" : 19,
    "errorCount" : 2,
    "errorPct" : 10.526316,
    "meanResTime" : 47292.1052631579,
    "medianResTime" : 47428.0,
    "minResTime" : 44331.0,
    "maxResTime" : 49874.0,
    "pct1ResTime" : 49863.0,
    "pct2ResTime" : 49874.0,
    "pct3ResTime" : 49874.0,
    "throughput" : 0.37544955143658854,
    "receivedKBytesPerSec" : 516.7616534477137,
    "sentKBytesPerSec" : 7.354033180354108
  },
  "http://159.89.38.11/login-8" : {
    "transaction" : "http://159.89.38.11/login-8",
    "sampleCount" : 19,
    "errorCount" : 0,
    "errorPct" : 0.0,
    "meanResTime" : 44196.52631578947,
    "medianResTime" : 45102.0,
    "minResTime" : 33009.0,
    "maxResTime" : 48540.0,
    "pct1ResTime" : 47208.0,
    "pct2ResTime" : 48540.0,
    "pct3ResTime" : 48540.0,
    "throughput" : 0.38765225552404464,
    "receivedKBytesPerSec" : 197.10413643446637,
    "sentKBytesPerSec" : 0.702520090333177
  },
  "http://159.89.38.11/login-5" : {
    "transaction" : "http://159.89.38.11/login-5",
    "sampleCount" : 19,
    "errorCount" : 0,
    "errorPct" : 0.0,
    "meanResTime" : 15071.736842105265,
    "medianResTime" : 10681.0,
    "minResTime" : 9694.0,
    "maxResTime" : 37960.0,
    "pct1ResTime" : 35787.0,
    "pct2ResTime" : 37960.0,
    "pct3ResTime" : 37960.0,
    "throughput" : 0.5002369543467958,
    "receivedKBytesPerSec" : 59.552211820730875,
    "sentKBytesPerSec" : 0.20126721210046863
  },
  "http://159.89.38.11/login-4" : {
    "transaction" : "http://159.89.38.11/login-4",
    "sampleCount" : 19,
    "errorCount" : 0,
    "errorPct" : 0.0,
    "meanResTime" : 2595.052631578947,
    "medianResTime" : 898.0,
    "minResTime" : 271.0,
    "maxResTime" : 17747.0,
    "pct1ResTime" : 9686.0,
    "pct2ResTime" : 17747.0,
    "pct3ResTime" : 17747.0,
    "throughput" : 1.0158798053788163,
    "receivedKBytesPerSec" : 2.8273998489547134,
    "sentKBytesPerSec" : 0.9428321158370315
  },
  "http://159.89.38.11/login-7" : {
    "transaction" : "http://159.89.38.11/login-7",
    "sampleCount" : 19,
    "errorCount" : 0,
    "errorPct" : 0.0,
    "meanResTime" : 7264.473684210528,
    "medianResTime" : 6668.0,
    "minResTime" : 3926.0,
    "maxResTime" : 14670.0,
    "pct1ResTime" : 11822.0,
    "pct2ResTime" : 14670.0,
    "pct3ResTime" : 14670.0,
    "throughput" : 1.1403192894010323,
    "receivedKBytesPerSec" : 26.609423294772537,
    "sentKBytesPerSec" : 0.4632547113191694
  },
  "http://159.89.38.11/login-6" : {
    "transaction" : "http://159.89.38.11/login-6",
    "sampleCount" : 19,
    "errorCount" : 0,
    "errorPct" : 0.0,
    "meanResTime" : 676.6315789473683,
    "medianResTime" : 74.0,
    "minResTime" : 26.0,
    "maxResTime" : 4907.0,
    "pct1ResTime" : 2288.0,
    "pct2ResTime" : 4907.0,
    "pct3ResTime" : 4907.0,
    "throughput" : 3.3971035222599677,
    "receivedKBytesPerSec" : 53.5518728768103,
    "sentKBytesPerSec" : 1.370120854192741
  },
  "http://159.89.38.11/login-1" : {
    "transaction" : "http://159.89.38.11/login-1",
    "sampleCount" : 57,
    "errorCount" : 1,
    "errorPct" : 1.754386,
    "meanResTime" : 4277.771929824562,
    "medianResTime" : 1678.0,
    "minResTime" : 270.0,
    "maxResTime" : 16459.0,
    "pct1ResTime" : 10919.400000000003,
    "pct2ResTime" : 13659.99999999999,
    "pct3ResTime" : 16459.0,
    "throughput" : 1.143889223359422,
    "receivedKBytesPerSec" : 8.43941667293799,
    "sentKBytesPerSec" : 0.8424933837547662
  },
  "http://159.89.38.11/login-0" : {
    "transaction" : "http://159.89.38.11/login-0",
    "sampleCount" : 57,
    "errorCount" : 0,
    "errorPct" : 0.0,
    "meanResTime" : 18684.070175438585,
    "medianResTime" : 15760.0,
    "minResTime" : 561.0,
    "maxResTime" : 47936.0,
    "pct1ResTime" : 44781.6,
    "pct2ResTime" : 45690.899999999994,
    "pct3ResTime" : 47936.0,
    "throughput" : 1.1411182959300115,
    "receivedKBytesPerSec" : 204.3661772912454,
    "sentKBytesPerSec" : 0.8215668542671818
  },
  "http://159.89.38.11/login-19" : {
    "transaction" : "http://159.89.38.11/login-19",
    "sampleCount" : 19,
    "errorCount" : 0,
    "errorPct" : 0.0,
    "meanResTime" : 8313.578947368422,
    "medianResTime" : 6470.0,
    "minResTime" : 3382.0,
    "maxResTime" : 22257.0,
    "pct1ResTime" : 16869.0,
    "pct2ResTime" : 22257.0,
    "pct3ResTime" : 22257.0,
    "throughput" : 0.8536640158152491,
    "receivedKBytesPerSec" : 41.42437982994114,
    "sentKBytesPerSec" : 0.7714391820550838
  },
  "http://159.89.38.11/login-3" : {
    "transaction" : "http://159.89.38.11/login-3",
    "sampleCount" : 19,
    "errorCount" : 0,
    "errorPct" : 0.0,
    "meanResTime" : 5770.421052631579,
    "medianResTime" : 2885.0,
    "minResTime" : 1157.0,
    "maxResTime" : 21748.0,
    "pct1ResTime" : 15832.0,
    "pct2ResTime" : 21748.0,
    "pct3ResTime" : 21748.0,
    "throughput" : 0.8368569415081043,
    "receivedKBytesPerSec" : 13.527007906095841,
    "sentKBytesPerSec" : 0.7546164772727273
  },
  "http://159.89.38.11/login-2" : {
    "transaction" : "http://159.89.38.11/login-2",
    "sampleCount" : 38,
    "errorCount" : 2,
    "errorPct" : 5.263158,
    "meanResTime" : 6936.210526315789,
    "medianResTime" : 5036.5,
    "minResTime" : 713.0,
    "maxResTime" : 18611.0,
    "pct1ResTime" : 15445.400000000001,
    "pct2ResTime" : 18419.1,
    "pct3ResTime" : 18611.0,
    "throughput" : 0.9964338158170757,
    "receivedKBytesPerSec" : 22.373513953351164,
    "sentKBytesPerSec" : 0.6382891985263268
  },
  "http://159.89.38.11/login-16" : {
    "transaction" : "http://159.89.38.11/login-16",
    "sampleCount" : 19,
    "errorCount" : 0,
    "errorPct" : 0.0,
    "meanResTime" : 9968.736842105263,
    "medianResTime" : 10944.0,
    "minResTime" : 1856.0,
    "maxResTime" : 23396.0,
    "pct1ResTime" : 16077.0,
    "pct2ResTime" : 23396.0,
    "pct3ResTime" : 23396.0,
    "throughput" : 0.5707419645539201,
    "receivedKBytesPerSec" : 13.583547283343346,
    "sentKBytesPerSec" : 0.5274728240462602
  },
  "http://159.89.38.11/login-15" : {
    "transaction" : "http://159.89.38.11/login-15",
    "sampleCount" : 19,
    "errorCount" : 0,
    "errorPct" : 0.0,
    "meanResTime" : 12182.0,
    "medianResTime" : 14155.0,
    "minResTime" : 1785.0,
    "maxResTime" : 25534.0,
    "pct1ResTime" : 22811.0,
    "pct2ResTime" : 25534.0,
    "pct3ResTime" : 25534.0,
    "throughput" : 0.5630630630630631,
    "receivedKBytesPerSec" : 10.204968151745495,
    "sentKBytesPerSec" : 0.5247750062974158
  },
  "http://159.89.38.11/login-18" : {
    "transaction" : "http://159.89.38.11/login-18",
    "sampleCount" : 19,
    "errorCount" : 0,
    "errorPct" : 0.0,
    "meanResTime" : 7068.8421052631575,
    "medianResTime" : 4976.0,
    "minResTime" : 1697.0,
    "maxResTime" : 14488.0,
    "pct1ResTime" : 12749.0,
    "pct2ResTime" : 14488.0,
    "pct3ResTime" : 14488.0,
    "throughput" : 0.8434697682677795,
    "receivedKBytesPerSec" : 16.74172171879162,
    "sentKBytesPerSec" : 0.7548135349152091
  },
  "http://159.89.38.11/login-17" : {
    "transaction" : "http://159.89.38.11/login-17",
    "sampleCount" : 19,
    "errorCount" : 0,
    "errorPct" : 0.0,
    "meanResTime" : 12175.315789473683,
    "medianResTime" : 11003.0,
    "minResTime" : 4831.0,
    "maxResTime" : 23746.0,
    "pct1ResTime" : 21709.0,
    "pct2ResTime" : 23746.0,
    "pct3ResTime" : 23746.0,
    "throughput" : 0.549514113836187,
    "receivedKBytesPerSec" : 45.30915591739935,
    "sentKBytesPerSec" : 0.5035612220181629
  },
  "http://159.89.38.11/login-12" : {
    "transaction" : "http://159.89.38.11/login-12",
    "sampleCount" : 19,
    "errorCount" : 0,
    "errorPct" : 0.0,
    "meanResTime" : 14931.526315789475,
    "medianResTime" : 14881.0,
    "minResTime" : 5272.0,
    "maxResTime" : 30110.0,
    "pct1ResTime" : 24652.0,
    "pct2ResTime" : 30110.0,
    "pct3ResTime" : 30110.0,
    "throughput" : 0.5281445448227936,
    "receivedKBytesPerSec" : 22.776233495482973,
    "sentKBytesPerSec" : 0.473663351285615
  },
  "http://159.89.38.11/login-11" : {
    "transaction" : "http://159.89.38.11/login-11",
    "sampleCount" : 19,
    "errorCount" : 0,
    "errorPct" : 0.0,
    "meanResTime" : 16735.315789473683,
    "medianResTime" : 18159.0,
    "minResTime" : 7832.0,
    "maxResTime" : 27117.0,
    "pct1ResTime" : 25734.0,
    "pct2ResTime" : 27117.0,
    "pct3ResTime" : 27117.0,
    "throughput" : 0.5621301775147929,
    "receivedKBytesPerSec" : 45.98083857248521,
    "sentKBytesPerSec" : 0.5118285410502958
  },
  "http://159.89.38.11/contact/manage" : {
    "transaction" : "http://159.89.38.11/contact/manage",
    "sampleCount" : 19,
    "errorCount" : 0,
    "errorPct" : 0.0,
    "meanResTime" : 327.36842105263156,
    "medianResTime" : 321.0,
    "minResTime" : 305.0,
    "maxResTime" : 386.0,
    "pct1ResTime" : 366.0,
    "pct2ResTime" : 386.0,
    "pct3ResTime" : 386.0,
    "throughput" : 0.5955926146515784,
    "receivedKBytesPerSec" : 0.7258784991066111,
    "sentKBytesPerSec" : 0.5283986493370114
  },
  "http://159.89.38.11/login-14" : {
    "transaction" : "http://159.89.38.11/login-14",
    "sampleCount" : 19,
    "errorCount" : 0,
    "errorPct" : 0.0,
    "meanResTime" : 15211.421052631578,
    "medianResTime" : 12810.0,
    "minResTime" : 7298.0,
    "maxResTime" : 29450.0,
    "pct1ResTime" : 27949.0,
    "pct2ResTime" : 29450.0,
    "pct3ResTime" : 29450.0,
    "throughput" : 0.4956952778502479,
    "receivedKBytesPerSec" : 38.19564472997652,
    "sentKBytesPerSec" : 0.4590837382598487
  },
  "http://159.89.38.11/login-13" : {
    "transaction" : "http://159.89.38.11/login-13",
    "sampleCount" : 19,
    "errorCount" : 0,
    "errorPct" : 0.0,
    "meanResTime" : 22842.631578947367,
    "medianResTime" : 23814.0,
    "minResTime" : 9109.0,
    "maxResTime" : 37643.0,
    "pct1ResTime" : 33284.0,
    "pct2ResTime" : 37643.0,
    "pct3ResTime" : 37643.0,
    "throughput" : 0.4418810177217545,
    "receivedKBytesPerSec" : 65.25124079172288,
    "sentKBytesPerSec" : 0.3984560328387367
  },
  "http://159.89.38.11/profile" : {
    "transaction" : "http://159.89.38.11/profile",
    "sampleCount" : 19,
    "errorCount" : 0,
    "errorPct" : 0.0,
    "meanResTime" : 347.8421052631579,
    "medianResTime" : 300.0,
    "minResTime" : 291.0,
    "maxResTime" : 741.0,
    "pct1ResTime" : 563.0,
    "pct2ResTime" : 741.0,
    "pct3ResTime" : 741.0,
    "throughput" : 0.5182477769897986,
    "receivedKBytesPerSec" : 0.6312948352517593,
    "sentKBytesPerSec" : 0.45650341293437346
  },
  "Test" : {
    "transaction" : "Test",
    "sampleCount" : 19,
    "errorCount" : 2,
    "errorPct" : 10.526316,
    "meanResTime" : 48996.789473684206,
    "medianResTime" : 49185.0,
    "minResTime" : 46067.0,
    "maxResTime" : 51610.0,
    "pct1ResTime" : 51516.0,
    "pct2ResTime" : 51610.0,
    "pct3ResTime" : 51610.0,
    "throughput" : 0.361959917701745,
    "receivedKBytesPerSec" : 499.95921997637737,
    "sentKBytesPerSec" : 8.362565218271357
  },
  "http://159.89.38.11/login-10" : {
    "transaction" : "http://159.89.38.11/login-10",
    "sampleCount" : 19,
    "errorCount" : 0,
    "errorPct" : 0.0,
    "meanResTime" : 13141.473684210527,
    "medianResTime" : 14712.0,
    "minResTime" : 2256.0,
    "maxResTime" : 33134.0,
    "pct1ResTime" : 18420.0,
    "pct2ResTime" : 33134.0,
    "pct3ResTime" : 33134.0,
    "throughput" : 0.5351358963526264,
    "receivedKBytesPerSec" : 22.130273244965498,
    "sentKBytesPerSec" : 0.48202387867905927
  },
  "http://159.89.38.11/login-21" : {
    "transaction" : "http://159.89.38.11/login-21",
    "sampleCount" : 19,
    "errorCount" : 0,
    "errorPct" : 0.0,
    "meanResTime" : 3694.315789473684,
    "medianResTime" : 1842.0,
    "minResTime" : 1093.0,
    "maxResTime" : 12420.0,
    "pct1ResTime" : 10684.0,
    "pct2ResTime" : 12420.0,
    "pct3ResTime" : 12420.0,
    "throughput" : 1.1125424522777843,
    "receivedKBytesPerSec" : 7.824737052055276,
    "sentKBytesPerSec" : 0.9923448662021315
  },
  "Total" : {
    "transaction" : "Total",
    "sampleCount" : 608,
    "errorCount" : 7,
    "errorPct" : 1.1513158,
    "meanResTime" : 11636.715460526315,
    "medianResTime" : 7304.0,
    "minResTime" : 26.0,
    "maxResTime" : 49874.0,
    "pct1ResTime" : 33744.8,
    "pct2ResTime" : 45448.299999999996,
    "pct3ResTime" : 48064.76,
    "throughput" : 4.778672032193159,
    "receivedKBytesPerSec" : 495.1218925491425,
    "sentKBytesPerSec" : 6.893971556389116
  },
  "http://159.89.38.11/login-20" : {
    "transaction" : "http://159.89.38.11/login-20",
    "sampleCount" : 19,
    "errorCount" : 0,
    "errorPct" : 0.0,
    "meanResTime" : 3074.578947368421,
    "medianResTime" : 1851.0,
    "minResTime" : 1233.0,
    "maxResTime" : 10926.0,
    "pct1ResTime" : 7557.0,
    "pct2ResTime" : 10926.0,
    "pct3ResTime" : 10926.0,
    "throughput" : 1.0237068965517242,
    "receivedKBytesPerSec" : 4.283773488011854,
    "sentKBytesPerSec" : 0.9171058391702587
  },
  "http://159.89.38.11/" : {
    "transaction" : "http://159.89.38.11/",
    "sampleCount" : 38,
    "errorCount" : 0,
    "errorPct" : 0.0,
    "meanResTime" : 514.7368421052632,
    "medianResTime" : 395.5,
    "minResTime" : 304.0,
    "maxResTime" : 1287.0,
    "pct1ResTime" : 777.1,
    "pct2ResTime" : 920.2999999999989,
    "pct3ResTime" : 1287.0,
    "throughput" : 0.8310915731688646,
    "receivedKBytesPerSec" : 1.0130210041991996,
    "sentKBytesPerSec" : 0.726478946591431
  }
}